b38f50ec-aef8-4947-a9d1-0fc4edada861,09322803-b91d-4fa1-940e-df4b3dabe4ac,143.22,7/18/2020
2fa3b0ca-c597-4cc2-8320-956a06c679fe,1ce6f5e9-9515-48b3-a829-a0a534c0e704,104.76,11/17/2019
fe72498f-aeee-4040-87f0-09f158efc2bc,cd213a64-3572-4f1f-a2ba-31dfff2e528d,83.79,11/7/2019
7eaec684-15b4-4577-9ad6-6ca6ac787aa8,1ce6f5e9-9515-48b3-a829-a0a534c0e704,42.01,10/24/2019
9e607f7c-e89c-441e-bae3-cf6ff0ecfb49,1ce6f5e9-9515-48b3-a829-a0a534c0e704,81.25,1/11/2020
442d2b49-099f-4041-a8ae-ef74be84c5b1,cd213a64-3572-4f1f-a2ba-31dfff2e528d,183.0,2/10/2020
e55f43e2-6420-4e05-80ae-e45b8c122670,8fa4f72d-f32b-49bd-8fc5-81a79916f869,193.84,6/26/2020
c8186b1d-9dbf-4857-a67c-fa32a3bbbc40,1ce6f5e9-9515-48b3-a829-a0a534c0e704,208.57,1/6/2020
03b238f9-e26f-4611-a877-d2865012a9f0,7efbf52b-8f82-4314-8e1e-c0df4fbe85dc,180.54,7/6/2020
75c778c8-1280-49ab-bcdf-5a09edb27322,1ce6f5e9-9515-48b3-a829-a0a534c0e704,148.17,4/4/2020
ccdd0647-da42-404e-aa78-d1dafd5b71ea,432aa635-04f6-4b94-8e91-6cd6200062eb,8.05,9/25/2019
ff05ba39-471f-4e11-9723-536c985d4bef,1ce6f5e9-9515-48b3-a829-a0a534c0e704,95.16,6/18/2020
fd4c2f6e-ddcb-46d3-b84e-1674c358feca,432aa635-04f6-4b94-8e91-6cd6200062eb,251.35,4/10/2020
ee399838-1a96-4b49-bb03-b45eaf105514,7efbf52b-8f82-4314-8e1e-c0df4fbe85dc,17.47,5/18/2020
2c40b29a-8b7a-41a4-ab45-f0dd89b734a2,8fa4f72d-f32b-49bd-8fc5-81a79916f869,224.86,1/31/2020
144529e6-8891-46cc-9a6d-83c4d9d4bd55,09322803-b91d-4fa1-940e-df4b3dabe4ac,218.94,1/29/2020
7b5c83f2-e7b4-49f6-a0a8-125f6c1bd99f,8fa4f72d-f32b-49bd-8fc5-81a79916f869,171.44,4/27/2020
a5c78d81-237d-45fc-b53a-614d5b0777ae,09322803-b91d-4fa1-940e-df4b3dabe4ac,171.34,3/23/2020
23d57d6e-c1ab-4900-8acf-77b02a5e4641,cd213a64-3572-4f1f-a2ba-31dfff2e528d,45.91,9/27/2019
514cf03b-99c7-4a58-aec2-261302da831e,8fa4f72d-f32b-49bd-8fc5-81a79916f869,254.46,1/30/2020
17245544-9641-45f8-91b6-a9846a2b55a6,7e43eb4c-5815-46f8-a6ff-f69785c62add,96.28,2/11/2020
ce6b5737-ffa6-42ec-a99f-6674d7d44978,8fa4f72d-f32b-49bd-8fc5-81a79916f869,232.08,4/8/2020
0d291cb3-0f9f-453c-ae31-802ef777f275,cd213a64-3572-4f1f-a2ba-31dfff2e528d,169.45,2/3/2020
03ef4a75-0b0e-4dac-a171-2a389a7d2d19,8fa4f72d-f32b-49bd-8fc5-81a79916f869,297.16,2/20/2020
16dee7cd-5c44-4318-ac5f-9fc1e0f3d607,cd213a64-3572-4f1f-a2ba-31dfff2e528d,295.47,8/7/2019
20d788b1-cb29-4773-b6f7-3c907da2874f,cd213a64-3572-4f1f-a2ba-31dfff2e528d,224.16,1/20/2020
33b5edf0-d5e4-4a77-8738-763d3f9beb01,cd213a64-3572-4f1f-a2ba-31dfff2e528d,262.08,11/22/2019
b1fb3be8-5996-4fa3-8a8a-22451986b002,7efbf52b-8f82-4314-8e1e-c0df4fbe85dc,237.75,4/13/2020
1e3a9129-fcce-4371-b92e-5e674eef6bf7,1ce6f5e9-9515-48b3-a829-a0a534c0e704,281.08,7/22/2020
25709367-782a-4d3a-9e9c-68022116643b,7e43eb4c-5815-46f8-a6ff-f69785c62add,291.26,4/28/2020
15d55770-ebdc-4b87-9176-1e37c67d13dc,1ce6f5e9-9515-48b3-a829-a0a534c0e704,288.16,4/23/2020
33487ad1-bb92-47a3-8894-7172b11d4ba3,cd213a64-3572-4f1f-a2ba-31dfff2e528d,3.77,9/5/2019
fd820ec8-f272-4ccc-b237-c54a7c4631a5,8fa4f72d-f32b-49bd-8fc5-81a79916f869,222.07,3/19/2020
4af5333c-4027-46ad-91f5-347c5d52f904,7efbf52b-8f82-4314-8e1e-c0df4fbe85dc,184.08,2/9/2020
a12280bc-4afc-4bfa-81e5-2e931d33a5ee,432aa635-04f6-4b94-8e91-6cd6200062eb,177.12,4/12/2020
7a931781-0213-4b57-af3f-15e120788e70,09322803-b91d-4fa1-940e-df4b3dabe4ac,63.93,8/8/2019
f105a2f8-ff85-4c9d-8e14-ab311c3c2c34,432aa635-04f6-4b94-8e91-6cd6200062eb,66.42,4/16/2020
d426df96-9fe1-4513-8a59-e765fbda96d0,7e43eb4c-5815-46f8-a6ff-f69785c62add,223.02,2/6/2020
d1de983a-3b5d-41a5-b3e4-26d53c93c620,7efbf52b-8f82-4314-8e1e-c0df4fbe85dc,180.33,3/31/2020
633038f6-bde6-4c16-b77e-95ce9c2a723c,cd213a64-3572-4f1f-a2ba-31dfff2e528d,187.13,12/5/2019
43c99119-3635-442c-9aab-6547bb25cf16,432aa635-04f6-4b94-8e91-6cd6200062eb,86.13,9/24/2019
862a120b-96fa-46f1-938d-da129732afb7,8fa4f72d-f32b-49bd-8fc5-81a79916f869,263.61,6/26/2020
eb7ac9c4-c58f-4195-adca-147de5b7489c,1ce6f5e9-9515-48b3-a829-a0a534c0e704,265.25,9/29/2019
e858d9c6-93c5-499f-9362-c7c59e999587,7efbf52b-8f82-4314-8e1e-c0df4fbe85dc,295.26,7/9/2020
c4c4820c-0a57-4ac9-ab15-d45530f355dd,1ce6f5e9-9515-48b3-a829-a0a534c0e704,28.11,2/5/2020
edc08d84-5daa-46f9-94be-49f4ca270201,cd213a64-3572-4f1f-a2ba-31dfff2e528d,167.72,8/5/2019
46f495fb-2029-4fb6-ae9c-acb32f1728fc,1ce6f5e9-9515-48b3-a829-a0a534c0e704,260.66,6/9/2020
0497e252-2ba6-4ea0-83af-60e2d47b24fd,7efbf52b-8f82-4314-8e1e-c0df4fbe85dc,65.78,9/2/2019
e466a9ba-68c6-4a38-8353-456feb22fc4c,09322803-b91d-4fa1-940e-df4b3dabe4ac,226.15,5/9/2020
8e29ede2-4cf3-4172-b4ac-1e62bf00835d,7efbf52b-8f82-4314-8e1e-c0df4fbe85dc,48.49,3/15/2020
2b17ff8f-26bd-4d34-9d85-900193ba8b82,432aa635-04f6-4b94-8e91-6cd6200062eb,217.24,7/19/2020
da1f4322-d497-4536-b9ac-b2056a7e7614,432aa635-04f6-4b94-8e91-6cd6200062eb,244.75,8/26/2019
2a95491b-d427-44a8-be67-5a100e500014,7e43eb4c-5815-46f8-a6ff-f69785c62add,219.3,4/3/2020
72a7cc41-73f0-4de4-94b7-6a2fc9ee37e8,cd213a64-3572-4f1f-a2ba-31dfff2e528d,177.61,5/10/2020
d04f4746-5216-469a-a661-376655f2f1a5,cd213a64-3572-4f1f-a2ba-31dfff2e528d,99.34,2/19/2020
a095912d-21ab-40db-b407-933b74e897f6,1ce6f5e9-9515-48b3-a829-a0a534c0e704,184.27,6/28/2020
866146f4-49f6-4ae3-aff9-338280ada4ce,cd213a64-3572-4f1f-a2ba-31dfff2e528d,27.01,10/1/2019
c405e69f-68b1-4e3e-a915-99da9125e45d,7efbf52b-8f82-4314-8e1e-c0df4fbe85dc,165.93,3/7/2020
320019f0-a585-45b4-bb70-e29c24500b50,432aa635-04f6-4b94-8e91-6cd6200062eb,119.21,2/24/2020
5b9838a2-e2a8-4572-bcf1-3ab86310c5c5,1ce6f5e9-9515-48b3-a829-a0a534c0e704,179.5,8/10/2019
33c4df25-69d1-49e1-9f9f-60ed2ff5c0bf,1ce6f5e9-9515-48b3-a829-a0a534c0e704,39.84,2/16/2020
4e02a9b4-8639-4d53-8bc5-9bb3645198be,432aa635-04f6-4b94-8e91-6cd6200062eb,200.18,6/9/2020
6ebbd254-5faa-4c71-99b6-4edbad73fc12,1ce6f5e9-9515-48b3-a829-a0a534c0e704,73.44,2/6/2020
b7f9e78f-91b2-4bfc-9a41-fe4b01c430ee,7efbf52b-8f82-4314-8e1e-c0df4fbe85dc,169.36,7/14/2020
f1841d70-20b2-498b-9a8c-41dee388fb1f,7e43eb4c-5815-46f8-a6ff-f69785c62add,165.52,12/13/2019
803ea6aa-c443-46a4-bdcf-fc7e34080088,7efbf52b-8f82-4314-8e1e-c0df4fbe85dc,145.55,4/11/2020
085c1284-1763-4403-89bf-2fb92fc50c96,cd213a64-3572-4f1f-a2ba-31dfff2e528d,97.81,11/28/2019
765f5242-a6d5-41b2-bb82-e49aa0e0b843,cd213a64-3572-4f1f-a2ba-31dfff2e528d,28.9,9/12/2019
57d3f2b1-a850-4e3f-bdbc-a3ecafc2de43,1ce6f5e9-9515-48b3-a829-a0a534c0e704,61.05,11/18/2019
3cb14cda-56f1-4b41-a30a-564d549370db,8fa4f72d-f32b-49bd-8fc5-81a79916f869,28.74,2/6/2020
fcdb18fa-de4a-4f75-9158-9bfd1b46f43b,432aa635-04f6-4b94-8e91-6cd6200062eb,79.8,2/8/2020
b10576c8-fc54-4c26-b60b-83952abf484d,7e43eb4c-5815-46f8-a6ff-f69785c62add,76.94,8/19/2019
a380cf18-1b99-4dc6-9e78-4dc1e957e2a8,09322803-b91d-4fa1-940e-df4b3dabe4ac,1.86,7/8/2020
cfde6acd-786e-4676-9c59-816f9d671373,8fa4f72d-f32b-49bd-8fc5-81a79916f869,142.41,8/28/2019
4e0e5760-1daa-443e-8415-b4c77eb7d294,7e43eb4c-5815-46f8-a6ff-f69785c62add,141.83,1/29/2020
d8c9e9e0-3529-4678-9e88-4e4acd3f68ba,1ce6f5e9-9515-48b3-a829-a0a534c0e704,268.48,11/25/2019
8bba5568-285d-4041-b49d-6d96a60d37cf,432aa635-04f6-4b94-8e91-6cd6200062eb,4.42,8/21/2019
702c7898-32a5-4cbd-832b-ef98210592c3,8fa4f72d-f32b-49bd-8fc5-81a79916f869,76.7,6/19/2020
70c4b35a-6da8-4e93-ac5a-afb5d91a79ea,7efbf52b-8f82-4314-8e1e-c0df4fbe85dc,153.39,5/19/2020
25fa27d5-8266-439c-b718-6e5198940cb9,1ce6f5e9-9515-48b3-a829-a0a534c0e704,121.4,10/25/2019
47982783-c8ff-41b4-92ff-bff1730a4971,cd213a64-3572-4f1f-a2ba-31dfff2e528d,49.96,12/14/2019
bbb7af4c-1a18-42df-a9e4-89ac34eee453,432aa635-04f6-4b94-8e91-6cd6200062eb,4.67,5/12/2020
d54bb0d0-d094-4423-9286-f7720e1e8dbe,09322803-b91d-4fa1-940e-df4b3dabe4ac,289.56,10/23/2019
2a72c4d9-16b1-49f6-8162-ddef44a2356b,1ce6f5e9-9515-48b3-a829-a0a534c0e704,111.02,4/18/2020
e9f4bb7a-575e-44ae-9259-4ed224c569a6,432aa635-04f6-4b94-8e91-6cd6200062eb,220.53,8/24/2019
8c558355-5ccd-4d56-922a-6512e605b6fe,1ce6f5e9-9515-48b3-a829-a0a534c0e704,91.43,1/19/2020
163e3d87-466e-4bb2-a9af-5998cd7afdb0,432aa635-04f6-4b94-8e91-6cd6200062eb,256.72,2/23/2020
85e33a36-efc4-4224-9c09-57953c4a1b4f,432aa635-04f6-4b94-8e91-6cd6200062eb,169.04,5/13/2020
d962c4c1-54c6-4797-9251-7e495fc42fe7,8fa4f72d-f32b-49bd-8fc5-81a79916f869,243.07,9/29/2019
495ddaf3-ca97-4731-a10c-5ba769ab44e4,7efbf52b-8f82-4314-8e1e-c0df4fbe85dc,269.23,12/9/2019
d15e678b-0ff8-4887-835b-23cafd296e0a,7e43eb4c-5815-46f8-a6ff-f69785c62add,252.62,1/21/2020
55e1bea5-00a4-4bd9-8b19-10e812281e88,432aa635-04f6-4b94-8e91-6cd6200062eb,224.42,10/16/2019
3d009751-d242-49d9-80a0-58855bb76864,432aa635-04f6-4b94-8e91-6cd6200062eb,279.02,10/10/2019
576b5999-b2e6-4672-9c0a-0fc382190238,432aa635-04f6-4b94-8e91-6cd6200062eb,262.7,11/5/2019
8a7a6c7d-3c67-4833-8f9d-e04cc9144a1c,09322803-b91d-4fa1-940e-df4b3dabe4ac,130.96,11/8/2019
9bfd6cc4-e833-4aff-b64a-aefe21114ea3,7e43eb4c-5815-46f8-a6ff-f69785c62add,139.36,5/30/2020
e4e35dc9-b6d5-4098-b349-d0662efa8215,cd213a64-3572-4f1f-a2ba-31dfff2e528d,176.73,11/1/2019
296619a4-62d9-4dc9-8a95-d2bdae0902bd,8fa4f72d-f32b-49bd-8fc5-81a79916f869,184.5,11/4/2019
d07146c7-dd26-4185-af2c-e0276bc04ee0,cd213a64-3572-4f1f-a2ba-31dfff2e528d,251.09,5/8/2020
cda7d9d4-c44f-466f-a3ce-a62855c54359,7e43eb4c-5815-46f8-a6ff-f69785c62add,94.48,6/11/2020
efdf3379-8016-421b-ad3c-337b805a2cb2,7e43eb4c-5815-46f8-a6ff-f69785c62add,267.16,1/11/2020
72aa06eb-00c6-42dd-ac6e-e6efde20aed6,09322803-b91d-4fa1-940e-df4b3dabe4ac,171.5,7/9/2020
655205e1-00a6-4e70-921f-c39a63667967,7efbf52b-8f82-4314-8e1e-c0df4fbe85dc,137.21,12/18/2019
14c689e9-9160-417f-9917-fc631c2c23b3,09322803-b91d-4fa1-940e-df4b3dabe4ac,62.96,3/30/2020
4fdef9bc-747a-49c4-a9fb-306abc611731,8fa4f72d-f32b-49bd-8fc5-81a79916f869,136.43,4/6/2020
f75c1e86-8e16-4494-a2c6-400ae0de6136,7efbf52b-8f82-4314-8e1e-c0df4fbe85dc,234.29,7/2/2020
b1900a3f-42e5-4952-b4f5-000f9794768f,1ce6f5e9-9515-48b3-a829-a0a534c0e704,111.89,6/18/2020
4533a355-0940-4510-8995-66d6d80747e7,09322803-b91d-4fa1-940e-df4b3dabe4ac,201.17,10/16/2019
46a9e868-3cd8-4352-9d39-55d40cdffe9c,8fa4f72d-f32b-49bd-8fc5-81a79916f869,8.42,6/13/2020
715af603-d4b5-477e-9e73-f189c67e0e3b,09322803-b91d-4fa1-940e-df4b3dabe4ac,264.53,7/3/2020
f8247582-9bbe-44ff-8893-2e4caed3e7cc,cd213a64-3572-4f1f-a2ba-31dfff2e528d,112.91,6/9/2020
ebe88514-01db-4427-990c-3a1b54a14bc3,432aa635-04f6-4b94-8e91-6cd6200062eb,48.09,3/20/2020
c5627ea5-7c2b-4091-afc8-e5d372f11806,432aa635-04f6-4b94-8e91-6cd6200062eb,244.98,10/3/2019
4d4313ee-83f1-4aed-b8f5-88025932d898,7efbf52b-8f82-4314-8e1e-c0df4fbe85dc,167.57,12/23/2019
8942fe99-c186-4261-8def-dbae2fcaf159,09322803-b91d-4fa1-940e-df4b3dabe4ac,213.46,5/25/2020
62f01cec-d44b-4fce-a3a4-ed8dcd309470,09322803-b91d-4fa1-940e-df4b3dabe4ac,272.76,7/18/2020
83c0a024-e001-490f-bcb4-a581f3bcdaff,09322803-b91d-4fa1-940e-df4b3dabe4ac,268.38,9/17/2019
39f86357-79e9-4a01-bacc-22570c2ca843,7efbf52b-8f82-4314-8e1e-c0df4fbe85dc,82.07,12/17/2019
0e8023ee-5f60-4270-a60b-514b0fe7023a,7e43eb4c-5815-46f8-a6ff-f69785c62add,51.15,10/8/2019
000e8cd2-b8b9-4cdd-b97a-2bd6c4cc8f18,432aa635-04f6-4b94-8e91-6cd6200062eb,96.6,2/12/2020
00d2d864-8af4-4336-943a-c28e83ae8dad,432aa635-04f6-4b94-8e91-6cd6200062eb,271.98,5/31/2020
0a63c84f-f65f-456d-b1c8-f309eb92d117,8fa4f72d-f32b-49bd-8fc5-81a79916f869,137.58,1/5/2020
80c16b8a-d933-49ce-b95a-b3a5834ed58b,7e43eb4c-5815-46f8-a6ff-f69785c62add,134.96,6/12/2020
3810275d-973f-4f0b-8e91-7cab43171f35,432aa635-04f6-4b94-8e91-6cd6200062eb,230.46,1/21/2020
4973954c-c9c1-4fa1-8b96-9ec86f6b13bc,7e43eb4c-5815-46f8-a6ff-f69785c62add,219.34,3/15/2020
faf5329e-aa81-45d6-bf11-7f75d1b4a497,09322803-b91d-4fa1-940e-df4b3dabe4ac,47.12,4/28/2020
9fb79e04-07f9-40b9-b22d-de23c336ccf5,1ce6f5e9-9515-48b3-a829-a0a534c0e704,156.13,4/18/2020
8cbd1390-bf92-4b5a-927b-df763b8ccf11,09322803-b91d-4fa1-940e-df4b3dabe4ac,250.31,5/1/2020
01a201a3-1720-4137-9152-f3b039de82c2,cd213a64-3572-4f1f-a2ba-31dfff2e528d,73.42,10/25/2019
8150feee-f910-4fe0-a4a2-00f862fc71dc,7e43eb4c-5815-46f8-a6ff-f69785c62add,129.58,4/12/2020
ddd0e2b2-5e80-4aa6-9e92-5f208e2ad8ce,432aa635-04f6-4b94-8e91-6cd6200062eb,266.0,12/28/2019
ac3d37d4-f37a-40ac-8a1a-a5c01e6152e2,cd213a64-3572-4f1f-a2ba-31dfff2e528d,207.87,7/27/2020
2c6b7fab-e7dd-486d-afef-3b4c6979ff2d,1ce6f5e9-9515-48b3-a829-a0a534c0e704,242.89,3/23/2020
bc72e8d0-5b7c-4bbc-9c6c-0fadc373e084,cd213a64-3572-4f1f-a2ba-31dfff2e528d,206.18,1/3/2020
14725e8e-2ae7-470d-9280-a300d3e30671,7e43eb4c-5815-46f8-a6ff-f69785c62add,154.38,6/8/2020
030fe5cc-0c20-4e06-8350-18f3dd157ac1,1ce6f5e9-9515-48b3-a829-a0a534c0e704,57.83,3/10/2020
a49ffd10-c9de-45f2-bde5-51cfb62ec376,09322803-b91d-4fa1-940e-df4b3dabe4ac,42.76,9/7/2019
a41f00c4-3d9e-4e08-9c6e-6b6cf2ee6e8a,7efbf52b-8f82-4314-8e1e-c0df4fbe85dc,41.19,6/19/2020
05addaea-15f9-4c72-8128-d16bdcf8874a,7efbf52b-8f82-4314-8e1e-c0df4fbe85dc,131.13,7/27/2020
cea7bbc5-f032-452b-97e6-dd8fda8e46c7,8fa4f72d-f32b-49bd-8fc5-81a79916f869,44.74,10/31/2019
e169c870-54f0-43c8-b3b7-b090c99bd0aa,7efbf52b-8f82-4314-8e1e-c0df4fbe85dc,105.83,9/13/2019
8b8f01ec-412c-4bab-918e-db89f5e61238,7e43eb4c-5815-46f8-a6ff-f69785c62add,150.12,4/1/2020
2b91bb13-3881-4029-ad45-66546b23bc83,8fa4f72d-f32b-49bd-8fc5-81a79916f869,18.75,6/3/2020
f3cfee75-465a-4f98-bb0e-44685eef7d10,09322803-b91d-4fa1-940e-df4b3dabe4ac,80.17,11/20/2019
6b6c2f57-1e3f-4373-81ff-dcfc8cd181ad,8fa4f72d-f32b-49bd-8fc5-81a79916f869,201.02,12/30/2019
61e211bd-b6e5-462e-8dcc-d1f013924feb,7efbf52b-8f82-4314-8e1e-c0df4fbe85dc,119.52,1/18/2020
5045026a-c0bf-41b7-9cd4-7bb9d5aad5b6,8fa4f72d-f32b-49bd-8fc5-81a79916f869,115.69,5/12/2020
db61a78f-bfab-4e81-8c5a-a41d664db7c8,09322803-b91d-4fa1-940e-df4b3dabe4ac,88.97,8/7/2019
ef66a32f-5e46-4608-b96c-f43da3e96ecb,432aa635-04f6-4b94-8e91-6cd6200062eb,147.37,6/21/2020
d954683e-ad23-4e8f-a687-aa3bb18bc920,cd213a64-3572-4f1f-a2ba-31dfff2e528d,20.96,9/30/2019
5917f47c-4221-4158-b424-3f7112b99803,7efbf52b-8f82-4314-8e1e-c0df4fbe85dc,52.01,1/28/2020
25a659f4-5b3d-4321-9392-58cd894c7205,8fa4f72d-f32b-49bd-8fc5-81a79916f869,274.56,8/10/2019
091c2c32-d23b-485a-a8bf-a1ca1f5827db,7efbf52b-8f82-4314-8e1e-c0df4fbe85dc,219.76,5/4/2020
623ab96a-10f4-45b7-a590-68741cfa4b54,8fa4f72d-f32b-49bd-8fc5-81a79916f869,232.18,1/6/2020
871a5b16-b087-4626-b6d1-97058272a114,cd213a64-3572-4f1f-a2ba-31dfff2e528d,105.42,10/13/2019
4586e446-c218-41b7-ac84-97bc252f6331,cd213a64-3572-4f1f-a2ba-31dfff2e528d,24.63,7/22/2020
cee80973-4d19-4411-9876-30436c983b8f,7efbf52b-8f82-4314-8e1e-c0df4fbe85dc,168.78,8/14/2019
4b24b6a6-66b0-49a5-932d-3122f2342bea,7e43eb4c-5815-46f8-a6ff-f69785c62add,219.93,2/24/2020
7405c0d1-f9f0-4f28-8847-354fd570edbe,cd213a64-3572-4f1f-a2ba-31dfff2e528d,111.35,4/21/2020
8c9d8ce0-186a-4628-a49b-dc6a234a31fe,09322803-b91d-4fa1-940e-df4b3dabe4ac,230.25,11/5/2019
c7b0b3ff-f597-42b5-81fd-63ac17bbd149,432aa635-04f6-4b94-8e91-6cd6200062eb,84.48,1/28/2020
3254192c-5b56-4f15-812a-8f235bc3ef24,cd213a64-3572-4f1f-a2ba-31dfff2e528d,99.46,7/24/2020
398ff62f-1dfd-44cc-9ed8-7e56fa7f6356,7e43eb4c-5815-46f8-a6ff-f69785c62add,71.02,1/22/2020
5e9416ec-2396-418e-a85c-3aed59ff38ce,1ce6f5e9-9515-48b3-a829-a0a534c0e704,14.29,11/19/2019
7ef1553c-31b5-429f-a84f-4f32b1ff8bb6,7efbf52b-8f82-4314-8e1e-c0df4fbe85dc,190.25,3/2/2020
f70d581f-159b-4518-bded-a4dd57658867,7e43eb4c-5815-46f8-a6ff-f69785c62add,114.86,2/24/2020
41720e12-bb7b-4c9e-b80a-727e9d184ace,7efbf52b-8f82-4314-8e1e-c0df4fbe85dc,97.97,10/5/2019
a424507a-8693-4562-b6d1-1700e2a7d82c,7e43eb4c-5815-46f8-a6ff-f69785c62add,168.66,9/17/2019
94cfd529-7762-41a8-976e-1bb6fad55fc1,7efbf52b-8f82-4314-8e1e-c0df4fbe85dc,194.52,2/14/2020
0d630ef0-0edc-4705-b52d-6317e617bbd2,8fa4f72d-f32b-49bd-8fc5-81a79916f869,260.46,10/23/2019
fe488d3a-da2d-4131-896f-37626a3b42b5,432aa635-04f6-4b94-8e91-6cd6200062eb,98.39,10/23/2019
c9d073e0-7a82-4866-8394-022b5536f4b4,7e43eb4c-5815-46f8-a6ff-f69785c62add,84.74,12/23/2019
aba629ef-73b9-4350-aac5-44da78e968bf,8fa4f72d-f32b-49bd-8fc5-81a79916f869,129.72,5/25/2020
bd0d1163-8543-4763-9e1d-b4ad6cde64f2,7efbf52b-8f82-4314-8e1e-c0df4fbe85dc,102.58,4/16/2020
ed2fc34f-8a77-4c76-95f4-87d5d34344d8,09322803-b91d-4fa1-940e-df4b3dabe4ac,150.39,11/23/2019
1092b574-13f7-4986-a44c-f1994e3ff6ec,cd213a64-3572-4f1f-a2ba-31dfff2e528d,287.44,10/26/2019
b4eb30cf-bd29-4858-827d-80f32d009709,1ce6f5e9-9515-48b3-a829-a0a534c0e704,205.15,10/10/2019
98adf2ff-1e48-49f7-b47a-31d130ddcadf,1ce6f5e9-9515-48b3-a829-a0a534c0e704,44.17,9/5/2019
4532453b-26e4-4fb9-a65b-46bdfa129fe3,7efbf52b-8f82-4314-8e1e-c0df4fbe85dc,97.69,10/18/2019
b7c1f494-e1f1-41c0-ad16-9b5461284be5,1ce6f5e9-9515-48b3-a829-a0a534c0e704,251.31,12/3/2019
e4b139fe-febb-4c67-bedb-342291d62d52,1ce6f5e9-9515-48b3-a829-a0a534c0e704,64.29,7/30/2020
cfd3fbaf-c76a-4492-bbd8-c998718922e1,432aa635-04f6-4b94-8e91-6cd6200062eb,296.32,3/9/2020
26ef1b91-3b84-4dbe-9bd2-3e1af40ef70f,cd213a64-3572-4f1f-a2ba-31dfff2e528d,51.45,10/10/2019
0746eb5c-7171-4185-8943-ac7652b59f0e,7efbf52b-8f82-4314-8e1e-c0df4fbe85dc,82.41,7/31/2020
44256ffa-ba64-424b-b24e-9efa64337b73,cd213a64-3572-4f1f-a2ba-31dfff2e528d,190.16,7/27/2020
e51eddfc-bffa-4781-83ee-59571f487b61,432aa635-04f6-4b94-8e91-6cd6200062eb,193.52,12/4/2019
88ef3d44-6eb7-4b25-9857-893f11737698,09322803-b91d-4fa1-940e-df4b3dabe4ac,187.96,1/3/2020
cef6910f-9c9a-49ad-8dab-7767db174bd2,cd213a64-3572-4f1f-a2ba-31dfff2e528d,97.72,9/4/2019
8531176f-901f-4c47-af25-67ad5bcc67f7,cd213a64-3572-4f1f-a2ba-31dfff2e528d,256.66,7/28/2020
6605c9a2-3e55-47de-b26c-312af21128f8,cd213a64-3572-4f1f-a2ba-31dfff2e528d,87.91,2/18/2020
b41ef25d-d4bb-4edc-876e-958c95ab8aea,8fa4f72d-f32b-49bd-8fc5-81a79916f869,215.06,10/26/2019
89205ee8-4117-48f2-91fd-578bfac1b21c,432aa635-04f6-4b94-8e91-6cd6200062eb,182.86,8/15/2019
a5f04a43-240e-4b85-975d-77464c0fec98,432aa635-04f6-4b94-8e91-6cd6200062eb,226.56,11/1/2019
476c9bb9-4fbd-4e31-baad-1718ea044897,7e43eb4c-5815-46f8-a6ff-f69785c62add,287.99,10/2/2019
f6b99088-539d-48de-b522-b70e7f99d706,8fa4f72d-f32b-49bd-8fc5-81a79916f869,268.54,4/17/2020
4f76693d-7d2d-4a2a-8ec8-396abcf582df,8fa4f72d-f32b-49bd-8fc5-81a79916f869,274.92,12/10/2019
0517e1f6-49a6-4a90-9b07-e605646a5a24,09322803-b91d-4fa1-940e-df4b3dabe4ac,47.38,11/5/2019
ae883f1a-cd8c-49ef-aaaf-c5a306b74727,7e43eb4c-5815-46f8-a6ff-f69785c62add,212.58,12/12/2019
b0b001a4-bf58-4725-9625-72fca869a538,09322803-b91d-4fa1-940e-df4b3dabe4ac,256.33,11/28/2019
fa11b491-aa60-4b0a-a840-79833597174a,09322803-b91d-4fa1-940e-df4b3dabe4ac,230.29,10/26/2019
806811c5-00bb-4065-a054-18b17bfde271,7efbf52b-8f82-4314-8e1e-c0df4fbe85dc,124.22,5/20/2020
3c06bb33-5581-4633-872a-b397086cb0c1,cd213a64-3572-4f1f-a2ba-31dfff2e528d,293.72,11/19/2019
265a2393-1d3b-4b11-9043-63def8003152,8fa4f72d-f32b-49bd-8fc5-81a79916f869,22.49,11/14/2019
fbddf30f-fbe6-4e5c-8d3a-6c5a6b89290c,432aa635-04f6-4b94-8e91-6cd6200062eb,241.27,12/18/2019
1be0837d-a5b3-455e-a80a-9e6887e163f1,7efbf52b-8f82-4314-8e1e-c0df4fbe85dc,298.86,5/5/2020
7ec965c4-01f8-4cff-bb7a-53a5d328358c,cd213a64-3572-4f1f-a2ba-31dfff2e528d,138.96,4/5/2020
b33841f9-9c50-48f2-8a2a-ec40afe597b7,1ce6f5e9-9515-48b3-a829-a0a534c0e704,134.45,10/17/2019
3d1e2a02-5b16-443d-b3ec-0d3d9836f761,09322803-b91d-4fa1-940e-df4b3dabe4ac,81.3,8/23/2019
fe0c1345-33b2-4d04-8535-1e568dddc018,432aa635-04f6-4b94-8e91-6cd6200062eb,138.31,12/5/2019
9ae173c9-d9ac-4154-a7c3-ff06affe7c9a,432aa635-04f6-4b94-8e91-6cd6200062eb,276.28,9/16/2019
2cc4f124-755d-42cf-9555-8ae1e4380a3a,1ce6f5e9-9515-48b3-a829-a0a534c0e704,144.67,7/21/2020
b681c4da-3872-4680-9d6d-c86199d5a201,09322803-b91d-4fa1-940e-df4b3dabe4ac,140.93,3/14/2020
58f967ae-bc93-4d7b-bdd1-1e4713773fb3,1ce6f5e9-9515-48b3-a829-a0a534c0e704,118.9,5/10/2020
9b2dc344-807d-44db-b3ab-affdc4df53a0,09322803-b91d-4fa1-940e-df4b3dabe4ac,41.87,8/28/2019
f970e819-0ff5-4054-8e27-95354f377bdd,432aa635-04f6-4b94-8e91-6cd6200062eb,107.96,2/26/2020
55488c49-d247-4356-ad93-e83a54d1a546,7e43eb4c-5815-46f8-a6ff-f69785c62add,2.96,4/26/2020
35e3dd0e-a723-4e86-8ed6-e33c16bc20fe,7efbf52b-8f82-4314-8e1e-c0df4fbe85dc,208.14,10/31/2019
5a7f9094-c0b0-4187-a92d-ff5f21c5387c,cd213a64-3572-4f1f-a2ba-31dfff2e528d,38.31,1/18/2020
a3f0b00d-7d53-4476-8f6b-7dee3dcee0b0,cd213a64-3572-4f1f-a2ba-31dfff2e528d,159.49,5/15/2020
e27d3955-725a-4ebb-b81d-8e62060df4c1,7efbf52b-8f82-4314-8e1e-c0df4fbe85dc,289.06,8/27/2019
30e91b52-a4b2-47a3-a0c0-9e41ef1f43a3,09322803-b91d-4fa1-940e-df4b3dabe4ac,269.97,2/26/2020
9065a47a-be5c-4d50-b68f-f9d566e63228,09322803-b91d-4fa1-940e-df4b3dabe4ac,269.37,7/3/2020
ed5be221-6d8c-4247-9d13-8e0ba92669cd,cd213a64-3572-4f1f-a2ba-31dfff2e528d,115.41,10/1/2019
d540a541-f6bc-447b-9576-5e6db8751c8c,7efbf52b-8f82-4314-8e1e-c0df4fbe85dc,158.65,3/27/2020
bb077a4d-3219-4827-91c1-6a6545378cc8,7e43eb4c-5815-46f8-a6ff-f69785c62add,105.4,3/26/2020
d384facc-0221-4d45-9a59-e1bea29aefb5,7e43eb4c-5815-46f8-a6ff-f69785c62add,213.46,1/15/2020
19c4aba6-c6cb-4e3b-a066-db1381c05f6d,1ce6f5e9-9515-48b3-a829-a0a534c0e704,38.45,1/13/2020
3043a13c-ffce-4bc9-87db-b245153f8fc7,1ce6f5e9-9515-48b3-a829-a0a534c0e704,295.69,1/16/2020
8a31631b-be89-4576-9711-74e37277e0bd,7efbf52b-8f82-4314-8e1e-c0df4fbe85dc,82.67,8/19/2019
18a9e975-094d-4766-b3fa-31b6e4c47c62,cd213a64-3572-4f1f-a2ba-31dfff2e528d,188.09,8/27/2019
9dbbffd0-3499-40f6-9c8f-ccac20f9da45,1ce6f5e9-9515-48b3-a829-a0a534c0e704,238.61,12/19/2019
4f57f5b7-8d07-48b0-bf9b-4f6037e30357,1ce6f5e9-9515-48b3-a829-a0a534c0e704,247.97,10/15/2019
559d12e8-f930-48d8-8bd8-6f81c87cb300,8fa4f72d-f32b-49bd-8fc5-81a79916f869,220.96,7/4/2020
484ef798-dc0d-430a-b323-aae9481d762a,432aa635-04f6-4b94-8e91-6cd6200062eb,40.06,7/25/2020
133a3ae2-343a-488b-9c88-ed6ef6717004,1ce6f5e9-9515-48b3-a829-a0a534c0e704,90.32,1/18/2020
9af9d3e8-162b-4ba5-94ad-e6d587853f4c,09322803-b91d-4fa1-940e-df4b3dabe4ac,63.01,11/9/2019
24daee54-36f5-4442-b25f-42f61a367795,7efbf52b-8f82-4314-8e1e-c0df4fbe85dc,184.8,11/1/2019
b5c97309-c774-456f-8c3f-2295c13f7807,09322803-b91d-4fa1-940e-df4b3dabe4ac,185.31,2/8/2020
0342abaa-da7c-4e37-b008-aa430e9f9ee5,8fa4f72d-f32b-49bd-8fc5-81a79916f869,143.79,2/18/2020
818ed154-d55d-4931-85b1-48d1f74817bb,7efbf52b-8f82-4314-8e1e-c0df4fbe85dc,73.46,5/31/2020
81938b24-0020-42b8-9819-964d5f8c2d2b,7e43eb4c-5815-46f8-a6ff-f69785c62add,84.16,5/7/2020
26d58e46-694c-4b7a-b6da-bbd062f19ab2,1ce6f5e9-9515-48b3-a829-a0a534c0e704,32.68,4/28/2020
f594aaf9-371b-4060-8269-7f5d40912c27,09322803-b91d-4fa1-940e-df4b3dabe4ac,283.39,2/15/2020
851baee1-c147-416a-b742-ec01846a1519,432aa635-04f6-4b94-8e91-6cd6200062eb,44.65,2/5/2020
52bc7630-a843-45b0-9a77-375bef8454cc,1ce6f5e9-9515-48b3-a829-a0a534c0e704,200.46,8/6/2019
a936f6f6-ac77-4617-bc3c-49724ce2878c,7e43eb4c-5815-46f8-a6ff-f69785c62add,224.68,9/13/2019
776c3a9c-55a9-454a-b323-8d70ef3768d7,432aa635-04f6-4b94-8e91-6cd6200062eb,242.43,10/2/2019
8d6d3415-1253-46a3-b2f1-3a91ab4f4993,8fa4f72d-f32b-49bd-8fc5-81a79916f869,59.19,12/28/2019
8c0faad1-f516-4b0a-8b50-f692aa0242e9,1ce6f5e9-9515-48b3-a829-a0a534c0e704,169.28,12/30/2019
9871786d-0ce5-41c5-9c23-002336fb20bb,1ce6f5e9-9515-48b3-a829-a0a534c0e704,87.77,7/7/2020
60dd96cb-c74b-497b-8810-3ee074c6cdde,1ce6f5e9-9515-48b3-a829-a0a534c0e704,123.67,6/22/2020
d9eb4052-c51a-4add-aa45-2e846ddbd279,7efbf52b-8f82-4314-8e1e-c0df4fbe85dc,265.41,1/3/2020
2e41652b-4eb5-468a-8def-473b26c8c232,09322803-b91d-4fa1-940e-df4b3dabe4ac,157.56,5/31/2020
631b12f0-3468-41e5-8e36-4509235a863f,8fa4f72d-f32b-49bd-8fc5-81a79916f869,122.18,3/8/2020
bd834109-5d28-4574-bf4f-6f06ba2e72cf,432aa635-04f6-4b94-8e91-6cd6200062eb,108.77,2/29/2020
2f3aef11-2017-4180-95b2-4669f4da093a,7efbf52b-8f82-4314-8e1e-c0df4fbe85dc,13.65,2/9/2020
a7924c96-db4f-4b42-83b7-92603dddac22,432aa635-04f6-4b94-8e91-6cd6200062eb,211.4,3/25/2020
2e5299fd-f33c-42e3-bac3-7d54f642fc03,432aa635-04f6-4b94-8e91-6cd6200062eb,284.72,7/15/2020
631e64e3-b8d1-4199-8172-a2d9672e3041,1ce6f5e9-9515-48b3-a829-a0a534c0e704,160.14,9/17/2019
29e18b66-34e1-4e03-86f5-3af7e2a3e21f,1ce6f5e9-9515-48b3-a829-a0a534c0e704,191.28,1/29/2020
6af392df-569a-489d-b4d2-e8e4015ed2d5,1ce6f5e9-9515-48b3-a829-a0a534c0e704,7.21,2/19/2020
5d88d802-b159-447e-8c30-cf3183176208,1ce6f5e9-9515-48b3-a829-a0a534c0e704,230.29,4/28/2020
a6c7b0c6-57bf-421d-9ab3-cc8a7cbd078e,09322803-b91d-4fa1-940e-df4b3dabe4ac,276.96,9/16/2019
99ae173e-5dad-4830-a9f9-6f2b84343862,1ce6f5e9-9515-48b3-a829-a0a534c0e704,66.98,8/19/2019
a0bd7d40-144c-40d8-a133-864b7d6ff9a7,cd213a64-3572-4f1f-a2ba-31dfff2e528d,18.43,3/30/2020
de133577-e95d-419c-8567-e078c0b03949,8fa4f72d-f32b-49bd-8fc5-81a79916f869,103.91,9/8/2019
90a923c1-f555-4c27-b490-13101f5b19f3,7efbf52b-8f82-4314-8e1e-c0df4fbe85dc,199.97,4/15/2020
63d8e5ac-2fd9-4e54-8f06-878fd389dacf,1ce6f5e9-9515-48b3-a829-a0a534c0e704,250.84,4/17/2020
b7d239dd-5071-4455-bc65-8eec9ee249ef,432aa635-04f6-4b94-8e91-6cd6200062eb,14.53,1/3/2020
ee99156f-75ce-4dc7-8c77-dc3a93d46d15,09322803-b91d-4fa1-940e-df4b3dabe4ac,85.52,1/2/2020
a9f19af3-0596-4510-9341-69b903944182,09322803-b91d-4fa1-940e-df4b3dabe4ac,191.1,2/10/2020
d8c34b0d-a9d7-464e-8246-4af59048061a,1ce6f5e9-9515-48b3-a829-a0a534c0e704,121.73,7/1/2020
3723ea85-71f9-48f1-bb2e-f91045e50661,09322803-b91d-4fa1-940e-df4b3dabe4ac,22.53,2/6/2020
301d8656-b04f-4d82-b9db-238632d6484a,8fa4f72d-f32b-49bd-8fc5-81a79916f869,84.83,10/18/2019
dbd9fd6f-4848-41b9-af78-fc3fc12366aa,8fa4f72d-f32b-49bd-8fc5-81a79916f869,213.83,6/13/2020
7e3efe48-9ad2-44e9-a634-cc32feb54041,432aa635-04f6-4b94-8e91-6cd6200062eb,237.11,3/16/2020
32f07212-5b7a-4299-bcd0-55906e085013,8fa4f72d-f32b-49bd-8fc5-81a79916f869,294.45,11/11/2019
6d8563ce-9b22-4a37-a4e3-498aa3bb8ba7,432aa635-04f6-4b94-8e91-6cd6200062eb,162.66,5/5/2020
fa2346ab-202f-439d-82d8-57e6ae4f701a,1ce6f5e9-9515-48b3-a829-a0a534c0e704,226.73,11/20/2019
eaed710e-c0dd-4640-92cb-4b6058c0de63,7efbf52b-8f82-4314-8e1e-c0df4fbe85dc,89.02,3/13/2020
49c2be9f-76b7-4b01-acb3-54464971306d,09322803-b91d-4fa1-940e-df4b3dabe4ac,185.16,12/10/2019
bb74201d-9040-4b8c-99f2-682a47d997ae,432aa635-04f6-4b94-8e91-6cd6200062eb,85.31,8/23/2019
8561f13e-2df3-40fe-a84f-598c097cd75d,8fa4f72d-f32b-49bd-8fc5-81a79916f869,274.98,8/1/2020
8b5c760d-f74d-4239-8ca5-d5426047d6e0,8fa4f72d-f32b-49bd-8fc5-81a79916f869,202.4,6/25/2020
d1b3eccd-d8b0-417a-a2e9-901315690531,8fa4f72d-f32b-49bd-8fc5-81a79916f869,286.22,11/11/2019
5c2456a0-a9f5-41bb-9bf1-80d4e4a47465,8fa4f72d-f32b-49bd-8fc5-81a79916f869,67.51,12/12/2019
194826d7-7e3a-4a17-937b-deab6febe4f9,8fa4f72d-f32b-49bd-8fc5-81a79916f869,62.86,2/4/2020
82ef78f7-dd5f-432c-9ee4-52c657a89eca,1ce6f5e9-9515-48b3-a829-a0a534c0e704,215.45,12/18/2019
d2566d29-1e63-421f-a9a7-5ce9a5188a40,cd213a64-3572-4f1f-a2ba-31dfff2e528d,192.5,8/4/2020
511925f9-48fb-4880-bb43-61759f547483,432aa635-04f6-4b94-8e91-6cd6200062eb,57.48,2/5/2020
c3cc5eeb-198b-4c12-9829-d7d72a652112,7e43eb4c-5815-46f8-a6ff-f69785c62add,93.61,8/21/2019
fe99bf29-fc8e-4320-81a7-c491d83839ab,cd213a64-3572-4f1f-a2ba-31dfff2e528d,234.42,12/31/2019
dd2f92c9-5b60-4e75-a71f-89fd3fbbdcc7,8fa4f72d-f32b-49bd-8fc5-81a79916f869,226.67,5/7/2020
5d41464e-9001-4f0e-a7a4-0a61ead55b42,7efbf52b-8f82-4314-8e1e-c0df4fbe85dc,58.01,9/5/2019
ee8943b3-6271-4d8d-b2e9-e7b13b9e2fcd,1ce6f5e9-9515-48b3-a829-a0a534c0e704,144.47,10/27/2019
2f8827a7-9318-4d85-aa65-b8810cb1475c,8fa4f72d-f32b-49bd-8fc5-81a79916f869,220.56,8/16/2019
700a4b27-bf2d-4124-a2e6-44bb29a5206a,7efbf52b-8f82-4314-8e1e-c0df4fbe85dc,208.15,10/11/2019
e2aea0c1-7d0b-4ca9-8ec6-ba5ee38c310e,cd213a64-3572-4f1f-a2ba-31dfff2e528d,103.21,10/8/2019
9756bc77-6dbf-42cc-8017-f2100e8ff041,cd213a64-3572-4f1f-a2ba-31dfff2e528d,209.76,9/11/2019
59d868d9-cbf6-4087-84ab-8a63b6932cd6,432aa635-04f6-4b94-8e91-6cd6200062eb,45.76,9/6/2019
5f517c61-8e83-497c-bd80-55b15b0162ea,432aa635-04f6-4b94-8e91-6cd6200062eb,184.09,5/3/2020
906ea0fb-1a11-49b9-8894-804b5e2af108,1ce6f5e9-9515-48b3-a829-a0a534c0e704,120.05,6/6/2020
c7532ded-b5e3-41fe-8dd9-0a307c99d411,1ce6f5e9-9515-48b3-a829-a0a534c0e704,150.54,6/14/2020
358532c6-1ead-44dc-a7d3-123cac18b6d3,7efbf52b-8f82-4314-8e1e-c0df4fbe85dc,28.94,5/7/2020
5083f1cb-1031-4fe4-820a-47b0bfe91ef4,7e43eb4c-5815-46f8-a6ff-f69785c62add,130.88,8/30/2019
2aa96a38-fabf-4056-8083-a65de2c85325,7efbf52b-8f82-4314-8e1e-c0df4fbe85dc,282.15,2/6/2020
c3f0dd8e-22f8-46d7-9fbf-08953c7ad974,1ce6f5e9-9515-48b3-a829-a0a534c0e704,229.74,3/3/2020
37e50462-4f65-41dc-a745-1656bd9a6273,8fa4f72d-f32b-49bd-8fc5-81a79916f869,162.18,5/6/2020
b52fef75-62d4-49fb-b9ad-4ce36bef57b7,cd213a64-3572-4f1f-a2ba-31dfff2e528d,244.07,4/23/2020
6be1309d-9dcf-49ac-98a6-c0a8cb42a949,7e43eb4c-5815-46f8-a6ff-f69785c62add,145.98,5/5/2020
5729adef-4c6f-488d-b0ca-6358eda2e2f7,432aa635-04f6-4b94-8e91-6cd6200062eb,139.6,5/9/2020
cf3d9630-06d3-4a68-a7df-0d192ccb5ca2,1ce6f5e9-9515-48b3-a829-a0a534c0e704,195.29,2/16/2020
710d7b9e-8dd1-4be9-a220-72fc1ba9a958,cd213a64-3572-4f1f-a2ba-31dfff2e528d,111.18,7/12/2020
d02e4b80-3618-4bf3-935a-0fd6ca5979f9,cd213a64-3572-4f1f-a2ba-31dfff2e528d,296.49,8/20/2019
31e676cd-a2bb-4ecc-9ec7-b96d51c22b1f,cd213a64-3572-4f1f-a2ba-31dfff2e528d,28.44,4/15/2020
01194dbb-5944-495e-b1d6-f75b53e7bacd,1ce6f5e9-9515-48b3-a829-a0a534c0e704,129.53,1/30/2020
adea3d63-818e-4467-95cd-0507f91ccd3e,09322803-b91d-4fa1-940e-df4b3dabe4ac,294.96,4/13/2020
640b41dc-17f0-4127-a9e2-0520794e72eb,8fa4f72d-f32b-49bd-8fc5-81a79916f869,174.01,6/18/2020
0b7d784a-f5c9-4df2-8afa-be54b9b3be43,8fa4f72d-f32b-49bd-8fc5-81a79916f869,79.84,10/7/2019
cab6f8dd-c36e-4509-8b2d-682bd28d85fc,1ce6f5e9-9515-48b3-a829-a0a534c0e704,212.72,3/10/2020
7b97b1b6-581a-4e47-bc59-842f3e9a0b42,1ce6f5e9-9515-48b3-a829-a0a534c0e704,197.54,4/12/2020
4324d45d-2435-43fe-8233-0c14462aee64,7e43eb4c-5815-46f8-a6ff-f69785c62add,3.26,6/15/2020
8ea3abef-d968-4d15-b6f4-e05e0afee1f9,09322803-b91d-4fa1-940e-df4b3dabe4ac,275.84,5/20/2020
e1a681cb-d0d1-4ddc-8012-63e35ccde063,cd213a64-3572-4f1f-a2ba-31dfff2e528d,30.57,7/5/2020
8d80e21f-deb2-459d-bf39-32baf3d9927c,8fa4f72d-f32b-49bd-8fc5-81a79916f869,258.18,3/13/2020
8ca792e0-2ad2-431c-8a1d-d0618c80df81,7e43eb4c-5815-46f8-a6ff-f69785c62add,183.38,7/26/2020
f599cdc6-541e-4755-8629-de4749bdb11e,432aa635-04f6-4b94-8e91-6cd6200062eb,28.04,1/12/2020
bed11b84-51f6-461e-9d27-5c17d9b98128,09322803-b91d-4fa1-940e-df4b3dabe4ac,187.61,11/11/2019
eb17eb17-c9bf-41d1-b22a-3f79e021604d,09322803-b91d-4fa1-940e-df4b3dabe4ac,216.71,11/6/2019
61a11e38-c7cd-4e0b-815e-68b48f0b3945,1ce6f5e9-9515-48b3-a829-a0a534c0e704,278.18,1/22/2020
4b2ff926-82b4-4711-b6ab-85ae65ab4db6,09322803-b91d-4fa1-940e-df4b3dabe4ac,217.15,11/3/2019
534ef735-18cd-448c-9ab6-e9df0c7d63f4,7efbf52b-8f82-4314-8e1e-c0df4fbe85dc,257.96,4/21/2020
4fbe4f4b-c34d-44cd-94e6-cfb7c096b0ba,7efbf52b-8f82-4314-8e1e-c0df4fbe85dc,247.89,2/23/2020
8f792ea6-2da2-4cdb-8899-aa25daf509c3,7e43eb4c-5815-46f8-a6ff-f69785c62add,223.72,5/14/2020
7617a3c8-e570-498c-9f6c-da0a17ebdee9,7efbf52b-8f82-4314-8e1e-c0df4fbe85dc,195.13,10/5/2019
5bc5c068-2fd2-4578-87d5-160715690d53,432aa635-04f6-4b94-8e91-6cd6200062eb,202.68,11/26/2019
0019a618-853d-4cf6-ade1-43f5897b9f61,1ce6f5e9-9515-48b3-a829-a0a534c0e704,195.95,3/28/2020
b6ae05d8-cd07-44e2-b446-12598863f7fe,cd213a64-3572-4f1f-a2ba-31dfff2e528d,202.0,12/31/2019
2ee6e44f-41ef-48f9-aa39-525a60aff31d,7efbf52b-8f82-4314-8e1e-c0df4fbe85dc,72.86,11/23/2019
871fba05-b688-45bc-83a8-c70c21aa4f66,cd213a64-3572-4f1f-a2ba-31dfff2e528d,282.14,5/12/2020
cee79aa5-f2c3-48e8-be96-82413cb87e77,cd213a64-3572-4f1f-a2ba-31dfff2e528d,271.01,1/8/2020
5cf5e8da-cc49-4618-9a7c-eb252f6c7e2f,7efbf52b-8f82-4314-8e1e-c0df4fbe85dc,103.89,6/16/2020
51e50281-0c4c-47f8-aa75-e92a29cb724b,cd213a64-3572-4f1f-a2ba-31dfff2e528d,185.14,9/26/2019
2b8ea28e-03fd-4759-add7-94afd89994ab,1ce6f5e9-9515-48b3-a829-a0a534c0e704,134.17,7/15/2020
dd4478d7-590a-4ee5-9f28-c68ffa6457ea,7efbf52b-8f82-4314-8e1e-c0df4fbe85dc,2.19,3/20/2020
d26a4bef-49dc-466c-adc4-a1124b830910,7e43eb4c-5815-46f8-a6ff-f69785c62add,77.39,1/19/2020
e5a93bfa-c2fb-48ac-87a2-1dc508d4ed92,09322803-b91d-4fa1-940e-df4b3dabe4ac,82.71,1/15/2020
84fb0fef-2723-48a3-967e-a02858e5d8ee,432aa635-04f6-4b94-8e91-6cd6200062eb,126.54,8/11/2019
ec90be9e-1532-4403-a466-b402cc488592,09322803-b91d-4fa1-940e-df4b3dabe4ac,222.36,2/16/2020
85a5b330-3e35-4064-892e-0552a49a3ef0,cd213a64-3572-4f1f-a2ba-31dfff2e528d,232.78,9/22/2019
ce1111ad-aa41-4c74-acac-ecade2e6b031,7efbf52b-8f82-4314-8e1e-c0df4fbe85dc,97.81,3/30/2020
fdb685ef-c655-41da-8a9e-024e6161f9cb,8fa4f72d-f32b-49bd-8fc5-81a79916f869,2.46,5/1/2020
b76e0063-7be6-4250-a472-2e8742beb422,8fa4f72d-f32b-49bd-8fc5-81a79916f869,216.19,1/22/2020
2e05f4b4-a211-40c0-a01f-3637f3dca9fe,7efbf52b-8f82-4314-8e1e-c0df4fbe85dc,260.96,11/28/2019
73a2d845-6803-4000-86d7-06096e5235d1,cd213a64-3572-4f1f-a2ba-31dfff2e528d,28.65,2/1/2020
c15f01ce-226a-4da2-95d1-d44a28987cb3,cd213a64-3572-4f1f-a2ba-31dfff2e528d,151.48,12/17/2019
1ee9f7c4-7fca-47c7-8f0d-8e8c35379ada,cd213a64-3572-4f1f-a2ba-31dfff2e528d,273.14,12/27/2019
e21e0e8a-6ed3-4697-a5d7-74a7e0ec834f,1ce6f5e9-9515-48b3-a829-a0a534c0e704,31.31,1/23/2020
b528d23f-0ec5-4385-8fb0-518928639853,1ce6f5e9-9515-48b3-a829-a0a534c0e704,75.86,6/26/2020
93214ac2-d669-440c-8cff-61ad5def0553,8fa4f72d-f32b-49bd-8fc5-81a79916f869,276.8,6/6/2020
15db929b-2837-4abb-b803-fff1505a0579,1ce6f5e9-9515-48b3-a829-a0a534c0e704,118.24,1/9/2020
2047d7b3-858e-41fa-aa84-69ddb3aaa617,7e43eb4c-5815-46f8-a6ff-f69785c62add,138.39,4/8/2020
06fa76ec-95bf-4e6c-bca6-a87b65beae49,1ce6f5e9-9515-48b3-a829-a0a534c0e704,131.16,11/8/2019
a81ffcba-e8db-48fc-b7f6-54253edafa10,7e43eb4c-5815-46f8-a6ff-f69785c62add,189.17,11/23/2019
d06e875a-5270-4c0c-9bd1-e4a3116d506d,09322803-b91d-4fa1-940e-df4b3dabe4ac,81.87,10/20/2019
52de8027-3953-42d1-a8c2-48e221aab15c,09322803-b91d-4fa1-940e-df4b3dabe4ac,4.88,9/25/2019
a5d5d76a-1713-4ad7-9e36-afdcf67cf602,7e43eb4c-5815-46f8-a6ff-f69785c62add,203.22,8/13/2019
b9c8a7e4-5171-4c00-bde3-19c5b33efbae,8fa4f72d-f32b-49bd-8fc5-81a79916f869,139.88,2/2/2020
930333b4-a2c0-4afe-a50e-ec4dd4a91eac,8fa4f72d-f32b-49bd-8fc5-81a79916f869,152.24,11/7/2019
95538701-24a6-4b22-a780-c9eecef78c28,7efbf52b-8f82-4314-8e1e-c0df4fbe85dc,28.72,5/14/2020
0db222e1-f2bf-4b1f-9bb2-6f55d097b71e,7efbf52b-8f82-4314-8e1e-c0df4fbe85dc,3.62,5/9/2020
1fe53166-905b-4392-b292-bb8525b1908f,8fa4f72d-f32b-49bd-8fc5-81a79916f869,207.23,6/9/2020
a6902da1-20ed-4cbf-83ee-f245f15563ad,7e43eb4c-5815-46f8-a6ff-f69785c62add,299.68,7/2/2020
254d24da-9ea1-4d03-b2f0-d737e4e04769,7efbf52b-8f82-4314-8e1e-c0df4fbe85dc,3.21,10/18/2019
84edfd01-80ea-44cd-b8fa-ccf0d1fd7aa3,09322803-b91d-4fa1-940e-df4b3dabe4ac,144.96,7/19/2020
a3210c4c-71c4-4fea-b861-57f23a22ca51,09322803-b91d-4fa1-940e-df4b3dabe4ac,248.51,6/3/2020
9c55d660-90f8-41bb-9868-6cf423230340,7e43eb4c-5815-46f8-a6ff-f69785c62add,163.05,8/24/2019
2a78f9ee-2d3f-402f-b17e-f6b5732bd9f4,432aa635-04f6-4b94-8e91-6cd6200062eb,259.42,8/9/2019
94b18a28-3a6c-445b-9a09-3a7c7d0659bb,8fa4f72d-f32b-49bd-8fc5-81a79916f869,251.26,3/26/2020
d57a3e2f-707a-48c8-b96a-8615be63f151,432aa635-04f6-4b94-8e91-6cd6200062eb,243.71,2/23/2020
6bbc2812-1004-4059-85cb-4b2e9f191811,7efbf52b-8f82-4314-8e1e-c0df4fbe85dc,227.19,10/2/2019
89b9e9d2-c01e-447a-ad2d-5ef6cc2a292e,09322803-b91d-4fa1-940e-df4b3dabe4ac,32.47,4/21/2020
0ab95e43-56bd-4df3-a934-a12b1039655e,432aa635-04f6-4b94-8e91-6cd6200062eb,281.88,7/14/2020
4bb51a06-c016-4045-8b5d-4710ea2dd48d,cd213a64-3572-4f1f-a2ba-31dfff2e528d,134.52,6/13/2020
af87ef47-54c9-4dd8-a1a9-e15464acc6bf,1ce6f5e9-9515-48b3-a829-a0a534c0e704,89.59,5/14/2020
d6479a8a-abca-4753-ae35-5e454ad6e702,1ce6f5e9-9515-48b3-a829-a0a534c0e704,141.3,8/17/2019
cae872cc-a638-4064-b7da-20df7220487a,09322803-b91d-4fa1-940e-df4b3dabe4ac,4.49,8/12/2019
1d26afb5-9700-4ce0-802e-53683dbd455f,7efbf52b-8f82-4314-8e1e-c0df4fbe85dc,246.53,9/22/2019
12a4a264-0e1a-49e1-b625-a7239a644822,cd213a64-3572-4f1f-a2ba-31dfff2e528d,265.67,2/16/2020
67b9489e-4683-4121-95c8-969dc5e21d89,09322803-b91d-4fa1-940e-df4b3dabe4ac,129.4,1/4/2020
6b445e7e-bcad-413b-83cb-c52a420e0ca7,1ce6f5e9-9515-48b3-a829-a0a534c0e704,284.9,8/4/2020
a243a239-b2f6-4b36-8605-685b00615e46,09322803-b91d-4fa1-940e-df4b3dabe4ac,198.68,2/19/2020
7a4bff0e-57c0-44f0-b123-ea1bfd1685fc,09322803-b91d-4fa1-940e-df4b3dabe4ac,28.49,7/16/2020
bf106449-675d-4be0-8247-ceabf037d7e1,1ce6f5e9-9515-48b3-a829-a0a534c0e704,162.83,7/19/2020
a9571d73-3d89-4d20-918a-e7a025ff452a,7efbf52b-8f82-4314-8e1e-c0df4fbe85dc,162.26,6/18/2020
3b539774-4bfa-48a3-96d3-1b09ac8540e5,432aa635-04f6-4b94-8e91-6cd6200062eb,48.92,12/8/2019
fecb3e5c-e0a2-42ca-983d-da225557f3b4,8fa4f72d-f32b-49bd-8fc5-81a79916f869,237.4,8/11/2019
8f8aed7f-dff5-447d-8f8d-7504ad654297,1ce6f5e9-9515-48b3-a829-a0a534c0e704,234.49,6/29/2020
91d3c809-5e0d-48db-ab41-653c602a79c2,432aa635-04f6-4b94-8e91-6cd6200062eb,141.53,7/9/2020
9cbfbc60-8161-476d-9b1e-f7b7d647cba0,7efbf52b-8f82-4314-8e1e-c0df4fbe85dc,201.79,9/13/2019
65c50155-cc14-49d9-b2a1-c2bdd5003c94,7e43eb4c-5815-46f8-a6ff-f69785c62add,19.31,4/17/2020
ffc1b933-dc5e-4d50-8f64-3b9f0ef32b3c,cd213a64-3572-4f1f-a2ba-31dfff2e528d,24.52,6/28/2020
3f787ca8-841a-4344-86db-0338e591888b,8fa4f72d-f32b-49bd-8fc5-81a79916f869,19.77,12/31/2019
eaa77210-d6ca-4664-a260-3d5105ed4d1e,8fa4f72d-f32b-49bd-8fc5-81a79916f869,8.29,2/5/2020
7d3fddd9-e4b3-4a47-938f-e98cf020e319,432aa635-04f6-4b94-8e91-6cd6200062eb,254.24,8/31/2019
0c259574-7298-44bd-8da0-412264aa14c4,09322803-b91d-4fa1-940e-df4b3dabe4ac,194.23,9/24/2019
f02e0582-3783-4459-a0a7-fa3f01002515,432aa635-04f6-4b94-8e91-6cd6200062eb,258.91,9/4/2019
7be73b93-54f9-4d49-9260-936cd4d57593,cd213a64-3572-4f1f-a2ba-31dfff2e528d,15.57,11/26/2019
b6498f82-b552-4325-acef-deaa0cafdca0,1ce6f5e9-9515-48b3-a829-a0a534c0e704,271.65,7/25/2020
138ceb49-57e1-4262-85f0-9568f12d02ff,cd213a64-3572-4f1f-a2ba-31dfff2e528d,128.66,11/3/2019
a8971ee9-768c-4fdd-b931-06d5bcf07eba,7efbf52b-8f82-4314-8e1e-c0df4fbe85dc,132.91,2/6/2020
39a69761-c977-4a1a-b825-85e0d31b9de2,432aa635-04f6-4b94-8e91-6cd6200062eb,7.78,7/27/2020
5830deb2-0dbb-4f8c-a345-ab183c9cfae3,7efbf52b-8f82-4314-8e1e-c0df4fbe85dc,166.11,4/18/2020
3252ba1c-e67f-42d1-a909-b6576a5a3e14,cd213a64-3572-4f1f-a2ba-31dfff2e528d,271.85,10/4/2019
6cf98969-7620-4e2a-9e81-61f8cc8c18a3,432aa635-04f6-4b94-8e91-6cd6200062eb,2.87,5/31/2020
7564ab3b-c125-4e12-8cec-7a9feff9a1b0,7efbf52b-8f82-4314-8e1e-c0df4fbe85dc,289.48,10/15/2019
6fe7bd88-42f9-45f5-bf47-bc682e19295e,432aa635-04f6-4b94-8e91-6cd6200062eb,273.87,1/25/2020
69bb47f6-469d-4220-9d0a-b529d76e5a84,cd213a64-3572-4f1f-a2ba-31dfff2e528d,179.88,11/19/2019
b6ecdcda-43c9-48fb-be3c-b1169fb5c067,7e43eb4c-5815-46f8-a6ff-f69785c62add,183.96,6/6/2020
1745c005-83c9-4bd7-978c-03d85a89947c,09322803-b91d-4fa1-940e-df4b3dabe4ac,100.87,11/4/2019
f20f1d30-6c77-4f23-a65c-d81a3c1a06ee,8fa4f72d-f32b-49bd-8fc5-81a79916f869,95.05,1/26/2020
c9cecd4c-d6c1-4bf0-b581-51a8f85595cf,cd213a64-3572-4f1f-a2ba-31dfff2e528d,290.67,5/3/2020
84e7a711-e73c-45e6-8e69-28f9c36d98ca,7efbf52b-8f82-4314-8e1e-c0df4fbe85dc,269.71,9/6/2019
6a20e95f-9a52-4b03-906d-341ec7cb7bbf,7efbf52b-8f82-4314-8e1e-c0df4fbe85dc,278.74,5/24/2020
12bab84d-0cec-4a23-b54d-78f4055274a6,cd213a64-3572-4f1f-a2ba-31dfff2e528d,181.28,12/7/2019
d351416b-28d6-4ecc-8806-44fdf000d143,cd213a64-3572-4f1f-a2ba-31dfff2e528d,19.57,3/29/2020
fa31f2e6-a6f5-4eeb-8856-f2157b2ed0a6,cd213a64-3572-4f1f-a2ba-31dfff2e528d,98.03,12/14/2019
aaeb62cd-120c-494e-bc93-db8bfa0939e5,09322803-b91d-4fa1-940e-df4b3dabe4ac,80.19,9/18/2019
6ff62150-d523-4632-b72b-c5cc96668c8e,cd213a64-3572-4f1f-a2ba-31dfff2e528d,14.5,11/30/2019
efb61c6a-cefe-495a-b66e-eb607321c762,8fa4f72d-f32b-49bd-8fc5-81a79916f869,113.23,10/16/2019
96661c6d-ebd3-473f-85d6-abb52b7999ba,7e43eb4c-5815-46f8-a6ff-f69785c62add,98.89,7/18/2020
d51e6488-a496-488d-8597-ca8642026cd6,8fa4f72d-f32b-49bd-8fc5-81a79916f869,279.01,6/7/2020
0d1d4427-4838-48be-a025-74dca8737458,1ce6f5e9-9515-48b3-a829-a0a534c0e704,189.88,11/4/2019
1e9ac863-1c52-4c9d-8c79-ad4ba2ca34f7,09322803-b91d-4fa1-940e-df4b3dabe4ac,187.44,8/15/2019
9b453f6f-c726-4792-bd9b-adf22977dd5a,1ce6f5e9-9515-48b3-a829-a0a534c0e704,5.79,4/20/2020
d6177c26-e98d-4c44-87c0-2d0e79aa375d,09322803-b91d-4fa1-940e-df4b3dabe4ac,160.94,1/22/2020
26ce30d5-7f70-44c6-a435-c49a7c54f461,7efbf52b-8f82-4314-8e1e-c0df4fbe85dc,190.22,4/1/2020
47258b24-0589-4246-937a-2db734e3bee6,432aa635-04f6-4b94-8e91-6cd6200062eb,89.6,6/12/2020
59fe8dcb-cf4e-4b53-b71f-5478f3071210,cd213a64-3572-4f1f-a2ba-31dfff2e528d,172.52,12/12/2019
74dd8fe1-cae9-42b6-b41f-a7c8a52c64e2,432aa635-04f6-4b94-8e91-6cd6200062eb,134.69,2/3/2020
d423409b-6dd0-4828-a28d-e76e32c91b7a,7efbf52b-8f82-4314-8e1e-c0df4fbe85dc,10.88,12/10/2019
b37c90a9-ff9c-4e66-985b-df9f7c9d71e9,cd213a64-3572-4f1f-a2ba-31dfff2e528d,255.57,3/20/2020
4d55da73-29d8-476e-93e8-4001a2cbc3df,8fa4f72d-f32b-49bd-8fc5-81a79916f869,276.49,1/2/2020
386acd5a-e8c9-4f27-a079-9e9ce7b8ee8b,7efbf52b-8f82-4314-8e1e-c0df4fbe85dc,122.43,4/10/2020
765a5bef-a2ea-49c3-8cd5-5439aba2bcb0,1ce6f5e9-9515-48b3-a829-a0a534c0e704,156.87,12/10/2019
ade3e7b5-dad5-43a3-9af0-9bb10eb99681,1ce6f5e9-9515-48b3-a829-a0a534c0e704,12.47,8/14/2019
51ece7db-ae5e-4282-b5f8-bbdb652ef8c1,09322803-b91d-4fa1-940e-df4b3dabe4ac,282.4,2/3/2020
dcfd4f3c-59b5-4564-824f-e12434006f82,432aa635-04f6-4b94-8e91-6cd6200062eb,23.25,1/29/2020
1556509f-e225-4a13-ae1c-acb208a833e7,432aa635-04f6-4b94-8e91-6cd6200062eb,67.66,10/13/2019
fe0e5117-a10f-42ae-8bc5-3e17089e2eb0,7e43eb4c-5815-46f8-a6ff-f69785c62add,128.11,1/9/2020
15d3012f-bdd1-4354-8345-88191b1fe554,1ce6f5e9-9515-48b3-a829-a0a534c0e704,13.16,12/16/2019
df8580cb-8f32-4b01-a9e0-1eb0efeacc53,7efbf52b-8f82-4314-8e1e-c0df4fbe85dc,93.32,7/27/2020
b1672a2b-a9c5-4e59-bc2f-a80ec717be3c,8fa4f72d-f32b-49bd-8fc5-81a79916f869,177.39,7/7/2020
5ed0d255-42fc-4ab1-9a92-341035b9f8dd,8fa4f72d-f32b-49bd-8fc5-81a79916f869,284.29,12/14/2019
ceae5787-79cb-4aa5-ad40-69eb271104e6,09322803-b91d-4fa1-940e-df4b3dabe4ac,212.63,5/17/2020
45a6c3dc-a2cf-4947-8f07-97d4d18bf9ec,8fa4f72d-f32b-49bd-8fc5-81a79916f869,101.58,2/9/2020
951707dd-c667-4eb9-8fca-49aa6c8b9d5f,cd213a64-3572-4f1f-a2ba-31dfff2e528d,255.61,9/3/2019
0e83cf04-1461-4c83-9b6d-2b66def3017c,8fa4f72d-f32b-49bd-8fc5-81a79916f869,143.8,3/27/2020
a513d47c-ec9c-4e62-9c39-9fbeb3412aa5,cd213a64-3572-4f1f-a2ba-31dfff2e528d,152.6,8/14/2019
7f9bb316-8fbe-4e02-acfc-f5c0c4e44316,432aa635-04f6-4b94-8e91-6cd6200062eb,102.9,1/19/2020
ddc16cbb-1dad-415d-8b2a-2812bfd07fbd,09322803-b91d-4fa1-940e-df4b3dabe4ac,40.37,7/28/2020
1407c5dc-6399-4fcb-bb5c-b1f61eee35de,432aa635-04f6-4b94-8e91-6cd6200062eb,94.06,6/10/2020
8c231b55-a13b-4700-9774-76337131547d,7efbf52b-8f82-4314-8e1e-c0df4fbe85dc,109.1,7/20/2020
4d94eb79-0976-4cc1-af16-6414f68d9577,1ce6f5e9-9515-48b3-a829-a0a534c0e704,95.95,10/14/2019
ba719418-b0a9-4785-8fe9-585acf798ef4,7e43eb4c-5815-46f8-a6ff-f69785c62add,243.41,12/31/2019
97e8c024-d8ba-4043-bda0-3f0e9dc3855f,8fa4f72d-f32b-49bd-8fc5-81a79916f869,116.85,3/17/2020
3db22d2c-0e5e-4e17-9f5f-a629f2fe46c7,432aa635-04f6-4b94-8e91-6cd6200062eb,75.86,2/8/2020
e56be127-9904-4416-a53e-f1ad25ec6477,432aa635-04f6-4b94-8e91-6cd6200062eb,252.95,2/19/2020
8611ef93-e640-40d1-89aa-987997f8eeb6,8fa4f72d-f32b-49bd-8fc5-81a79916f869,63.41,7/14/2020
f6a788e0-d21a-4def-a2d1-e1385a97e3df,8fa4f72d-f32b-49bd-8fc5-81a79916f869,232.91,9/8/2019
524808b5-1ca4-4074-9ecd-58f6e6c212c5,432aa635-04f6-4b94-8e91-6cd6200062eb,276.65,1/14/2020
522f19f9-8f1e-49e0-a33e-f822a27237c6,432aa635-04f6-4b94-8e91-6cd6200062eb,111.59,8/8/2019
78da42b9-2559-49d0-a5d4-c68029682b8d,432aa635-04f6-4b94-8e91-6cd6200062eb,85.88,7/8/2020
998585ed-93a4-476a-b36e-00801dfc5824,7e43eb4c-5815-46f8-a6ff-f69785c62add,1.4,3/22/2020
9e8be79b-97d2-46f1-a0f4-5ec592150ea2,7efbf52b-8f82-4314-8e1e-c0df4fbe85dc,43.49,1/8/2020
9c0c6dde-6fcd-41c6-b526-2b3322a32f16,8fa4f72d-f32b-49bd-8fc5-81a79916f869,72.04,3/8/2020
dcd355cd-7443-4c2b-96a7-731f76d0a13b,8fa4f72d-f32b-49bd-8fc5-81a79916f869,238.23,11/12/2019
551aec58-57b3-43a1-bbe4-a9223df223cb,cd213a64-3572-4f1f-a2ba-31dfff2e528d,63.7,4/10/2020
85e5ae58-631f-4ce4-b3e8-e07e5086160a,1ce6f5e9-9515-48b3-a829-a0a534c0e704,199.85,2/24/2020
c1265211-39e6-4f05-be1c-031aa2ee3387,432aa635-04f6-4b94-8e91-6cd6200062eb,249.06,8/14/2019
e59018c7-333f-45ea-a97d-2190056d6c07,432aa635-04f6-4b94-8e91-6cd6200062eb,94.31,3/29/2020
84ec29f4-f49f-4cd5-baf5-f20a9ac40c02,cd213a64-3572-4f1f-a2ba-31dfff2e528d,284.08,1/21/2020
452e6bd9-9fd1-4868-920e-96f0da06b18e,7e43eb4c-5815-46f8-a6ff-f69785c62add,16.26,10/2/2019
c4e3a545-c383-435e-868c-237cc79481c1,7e43eb4c-5815-46f8-a6ff-f69785c62add,216.16,1/24/2020
282fd505-df7b-4791-b00b-24d116005924,09322803-b91d-4fa1-940e-df4b3dabe4ac,21.72,2/3/2020
8e133f06-2e6c-4fef-badf-6144a29fe03d,1ce6f5e9-9515-48b3-a829-a0a534c0e704,285.05,10/18/2019
b1c8b719-9547-40db-b8bc-606b972e4646,8fa4f72d-f32b-49bd-8fc5-81a79916f869,296.09,8/21/2019
c09c8b57-e003-4185-9262-1339eb2b4b1b,cd213a64-3572-4f1f-a2ba-31dfff2e528d,210.32,6/10/2020
bb086ee8-6d86-4a4c-8c37-02fc14a379d9,cd213a64-3572-4f1f-a2ba-31dfff2e528d,220.11,1/13/2020
b470fbab-f143-4468-933b-fba27b300ac1,cd213a64-3572-4f1f-a2ba-31dfff2e528d,176.0,2/22/2020
76429c40-25dd-47e9-81f4-0a467f443dd0,cd213a64-3572-4f1f-a2ba-31dfff2e528d,161.32,12/20/2019
ba17cdae-0250-4a27-a56f-34418cf62ea0,7e43eb4c-5815-46f8-a6ff-f69785c62add,235.68,3/8/2020
b5e62431-0acf-4e35-ab93-76bc93482d48,1ce6f5e9-9515-48b3-a829-a0a534c0e704,201.08,3/13/2020
60035cf8-c460-4766-bd40-8bf475508b32,cd213a64-3572-4f1f-a2ba-31dfff2e528d,149.18,1/11/2020
00b81266-d931-4d83-b5a6-5b6931421ee8,09322803-b91d-4fa1-940e-df4b3dabe4ac,80.33,8/15/2019
5f0db780-3a8e-415d-9bf5-e8e7c641b554,7e43eb4c-5815-46f8-a6ff-f69785c62add,226.28,2/6/2020
98d6355a-c67e-4667-9847-92c9fcbaae98,7e43eb4c-5815-46f8-a6ff-f69785c62add,66.87,6/13/2020
40191f6d-ffef-44fd-ba5d-e397aef130a0,09322803-b91d-4fa1-940e-df4b3dabe4ac,1.52,3/13/2020
3c686220-9f52-464b-824a-b353975ac0c8,8fa4f72d-f32b-49bd-8fc5-81a79916f869,76.4,2/23/2020
0bf0e1b3-7264-40e4-a906-602c22e0a8a8,432aa635-04f6-4b94-8e91-6cd6200062eb,4.08,3/6/2020
